Feature,count,unique,top,freq,%missing
case_month,17624,35,2022-01,2262,0.0
state_fips_code,17624.0,49.0,36.0,2095.0,0.0
county_fips_code,16580.0,1162.0,4013.0,359.0,0.0
age_group,17624,5,18 to 49 years,6852,0.7035860190649115
sex,17624,3,Female,8926,2.343395369950068
race,17624,7,White,10816,24.302088061733997
ethnicity,17624,3,Non-Hispanic/Latino,10376,31.564911484339536
symptom_status,17624,3,Missing,9516,53.99455288243304
hosp_yn,17624,3,No,8532,33.65864729913754
icu_yn,17624,3,Missing,16074,91.2051747616886
death_yn,17624,2,No,12986,0.0
underlying_conditions_yn,17624,3,Missing,16090,91.29596005447117
