Feature,count,unique,top,freq,%missing,card
case_month,20000,35,2022-01,2624,0.0,35
res_state,20000,49,NY,2206,0.0,49
state_fips_code,20000.0,49.0,36.0,2206.0,0.0,49
res_county,18761,847,MIAMI-DADE,384,6.194999999999999,847
county_fips_code,18761.0,1202.0,12086.0,384.0,6.194999999999999,1202
age_group,19895,5,18 to 49 years,7861,0.525,5
sex,19637,4,Female,10203,1.815,4
race,17768,8,White,12446,11.16,8
ethnicity,17554,4,Non-Hispanic/Latino,11999,12.23,4
process,20000,9,Missing,18179,0.0,9
exposure_yn,20000,3,Missing,17204,0.0,3
current_status,20000,2,Laboratory-confirmed case,16951,0.0,2
symptom_status,20000,4,Symptomatic,9094,0.0,4
hosp_yn,20000,4,No,9927,0.0,4
icu_yn,20000,4,Missing,15485,0.0,4
death_yn,20000,2,No,15000,0.0,2
underlying_conditions_yn,1833,2,Yes,1813,90.835,2
